{"cameraMode":{"drawMode":0,"name":"Shaded","section":"Shading Mode"},"sceneLighting":true,"audioPlay":false,"sceneViewState":{"m_AlwaysRefresh":false,"showFog":true,"showSkybox":true,"showFlares":true,"showImageEffects":true,"showParticleSystems":true,"showVisualEffectGraphs":true,"m_FxEnabled":true},"in2DMode":false,"pivot":{"x":337.6964416503906,"y":231.1199493408203,"z":54.25787353515625},"rotation":{"x":0.05574846640229225,"y":0.032935820519924167,"z":-0.0018459346611052752,"w":0.997879147529602},"size":306.8907165527344,"orthographic":false}