{"cameraMode":{"drawMode":0,"name":"Shaded","section":"Shading Mode"},"sceneLighting":true,"audioPlay":false,"sceneViewState":{"m_AlwaysRefresh":false,"showFog":true,"showSkybox":true,"showFlares":true,"showImageEffects":true,"showParticleSystems":true,"showVisualEffectGraphs":true,"m_FxEnabled":true},"in2DMode":false,"pivot":{"x":442.7135925292969,"y":208.2790985107422,"z":-2.97369384765625},"rotation":{"x":0.06326548755168915,"y":0.002988495398312807,"z":-0.00018972327234223485,"w":0.9979761242866516},"size":254.41920471191407,"orthographic":false}